{
  "hourly": {
    "0": {
      "count": 0,
      "sum": 0.0,
      "mean": null
    },
    "1": {
      "count": 0,
      "sum": 0.0,
      "mean": null
    },
    "2": {
      "count": 148,
      "sum": 131863.72999999998,
      "mean": 890.9711486486485
    },
    "3": {
      "count": 720,
      "sum": 619982.0099999995,
      "mean": 861.0861249999994
    },
    "4": {
      "count": 756,
      "sum": 657457.7899999998,
      "mean": 869.6531613756612
    },
    "5": {
      "count": 1080,
      "sum": 958761.7,
      "mean": 887.7423148148148
    },
    "6": {
      "count": 1079,
      "sum": 1668926.7100000002,
      "mean": 1546.7346709916592
    },
    "7": {
      "count": 1091,
      "sum": 1922578.5600000008,
      "mean": 1762.2168285976175
    },
    "8": {
      "count": 584,
      "sum": 1163487.6600000004,
      "mean": 1992.2733904109596
    },
    "9": {
      "count": 360,
      "sum": 804515.7999999998,
      "mean": 2234.7661111111106
    },
    "10": {
      "count": 360,
      "sum": 635193.3499999994,
      "mean": 1764.4259722222205
    },
    "11": {
      "count": 112,
      "sum": 97025.69000000003,
      "mean": 866.3008035714289
    },
    "12": {
      "count": 309,
      "sum": 685360.5699999996,
      "mean": 2217.9953721682837
    },
    "13": {
      "count": 719,
      "sum": 1617079.4999999995,
      "mean": 2249.0674547983303
    },
    "14": {
      "count": 720,
      "sum": 1382948.989999999,
      "mean": 1920.7624861111099
    },
    "15": {
      "count": 861,
      "sum": 782730.7200000002,
      "mean": 909.0949128919863
    },
    "16": {
      "count": 1079,
      "sum": 1024964.7499999974,
      "mean": 949.9209916589411
    },
    "17": {
      "count": 1113,
      "sum": 1097514.1399999994,
      "mean": 986.0863791554352
    },
    "18": {
      "count": 509,
      "sum": 440138.6800000004,
      "mean": 864.7125343811402
    },
    "19": {
      "count": 0,
      "sum": 0.0,
      "mean": null
    },
    "20": {
      "count": 0,
      "sum": 0.0,
      "mean": null
    },
    "21": {
      "count": 0,
      "sum": 0.0,
      "mean": null
    },
    "22": {
      "count": 0,
      "sum": 0.0,
      "mean": null
    },
    "23": {
      "count": 0,
      "sum": 0.0,
      "mean": null
    }
  },
  "by_weekday_hour": {
    "0": {
      "0": {
        "count": 0,
        "sum": 0.0,
        "mean": null
      },
      "1": {
        "count": 0,
        "sum": 0.0,
        "mean": null
      },
      "2": {
        "count": 81,
        "sum": 71946.13,
        "mean": 888.2238271604939
      },
      "3": {
        "count": 360,
        "sum": 311337.02999999997,
        "mean": 864.8250833333333
      },
      "4": {
        "count": 360,
        "sum": 311922.2900000002,
        "mean": 866.4508055555561
      },
      "5": {
        "count": 360,
        "sum": 336759.21000000025,
        "mean": 935.4422500000007
      },
      "6": {
        "count": 360,
        "sum": 802589.7300000002,
        "mean": 2229.4159166666673
      },
      "7": {
        "count": 331,
        "sum": 740929.2600000001,
        "mean": 2238.4569788519643
      },
      "8": {
        "count": 2,
        "sum": 300.0,
        "mean": 150.0
      },
      "9": {
        "count": 0,
        "sum": 0.0,
        "mean": null
      },
      "10": {
        "count": 0,
        "sum": 0.0,
        "mean": null
      },
      "11": {
        "count": 0,
        "sum": 0.0,
        "mean": null
      },
      "12": {
        "count": 178,
        "sum": 399673.3500000001,
        "mean": 2245.355898876405
      },
      "13": {
        "count": 360,
        "sum": 806079.7199999994,
        "mean": 2239.1103333333317
      },
      "14": {
        "count": 360,
        "sum": 808230.95,
        "mean": 2245.085972222222
      },
      "15": {
        "count": 24,
        "sum": 53929.41,
        "mean": 2247.05875
      },
      "16": {
        "count": 0,
        "sum": 0.0,
        "mean": null
      },
      "17": {
        "count": 33,
        "sum": 72688.86000000002,
        "mean": 2202.6927272727276
      },
      "18": {
        "count": 0,
        "sum": 0.0,
        "mean": null
      },
      "19": {
        "count": 0,
        "sum": 0.0,
        "mean": null
      },
      "20": {
        "count": 0,
        "sum": 0.0,
        "mean": null
      },
      "21": {
        "count": 0,
        "sum": 0.0,
        "mean": null
      },
      "22": {
        "count": 0,
        "sum": 0.0,
        "mean": null
      },
      "23": {
        "count": 0,
        "sum": 0.0,
        "mean": null
      }
    },
    "1": {
      "0": {
        "count": 0,
        "sum": 0.0,
        "mean": null
      },
      "1": {
        "count": 0,
        "sum": 0.0,
        "mean": null
      },
      "2": {
        "count": 0,
        "sum": 0.0,
        "mean": null
      },
      "3": {
        "count": 0,
        "sum": 0.0,
        "mean": null
      },
      "4": {
        "count": 0,
        "sum": 0.0,
        "mean": null
      },
      "5": {
        "count": 0,
        "sum": 0.0,
        "mean": null
      },
      "6": {
        "count": 0,
        "sum": 0.0,
        "mean": null
      },
      "7": {
        "count": 0,
        "sum": 0.0,
        "mean": null
      },
      "8": {
        "count": 171,
        "sum": 357421.6200000001,
        "mean": 2090.1849122807025
      },
      "9": {
        "count": 0,
        "sum": 0.0,
        "mean": null
      },
      "10": {
        "count": 0,
        "sum": 0.0,
        "mean": null
      },
      "11": {
        "count": 0,
        "sum": 0.0,
        "mean": null
      },
      "12": {
        "count": 0,
        "sum": 0.0,
        "mean": null
      },
      "13": {
        "count": 0,
        "sum": 0.0,
        "mean": null
      },
      "14": {
        "count": 0,
        "sum": 0.0,
        "mean": null
      },
      "15": {
        "count": 237,
        "sum": 205483.37000000002,
        "mean": 867.0184388185655
      },
      "16": {
        "count": 360,
        "sum": 309833.12,
        "mean": 860.6475555555555
      },
      "17": {
        "count": 360,
        "sum": 310102.3299999998,
        "mean": 861.3953611111106
      },
      "18": {
        "count": 243,
        "sum": 211624.2500000001,
        "mean": 870.8816872427988
      },
      "19": {
        "count": 0,
        "sum": 0.0,
        "mean": null
      },
      "20": {
        "count": 0,
        "sum": 0.0,
        "mean": null
      },
      "21": {
        "count": 0,
        "sum": 0.0,
        "mean": null
      },
      "22": {
        "count": 0,
        "sum": 0.0,
        "mean": null
      },
      "23": {
        "count": 0,
        "sum": 0.0,
        "mean": null
      }
    },
    "2": {
      "0": {
        "count": 0,
        "sum": 0.0,
        "mean": null
      },
      "1": {
        "count": 0,
        "sum": 0.0,
        "mean": null
      },
      "2": {
        "count": 0,
        "sum": 0.0,
        "mean": null
      },
      "3": {
        "count": 0,
        "sum": 0.0,
        "mean": null
      },
      "4": {
        "count": 36,
        "sum": 31502.100000000002,
        "mean": 875.0583333333334
      },
      "5": {
        "count": 360,
        "sum": 308750.0700000003,
        "mean": 857.6390833333342
      },
      "6": {
        "count": 360,
        "sum": 321318.48000000004,
        "mean": 892.5513333333334
      },
      "7": {
        "count": 360,
        "sum": 363240.04000000027,
        "mean": 1009.0001111111119
      },
      "8": {
        "count": 1,
        "sum": 775.55,
        "mean": 775.55
      },
      "9": {
        "count": 0,
        "sum": 0.0,
        "mean": null
      },
      "10": {
        "count": 0,
        "sum": 0.0,
        "mean": null
      },
      "11": {
        "count": 0,
        "sum": 0.0,
        "mean": null
      },
      "12": {
        "count": 131,
        "sum": 285687.22,